Index,User Id,First Name,Last Name,Sex,Email,Phone,Date of birth,Age,Job Title,Experience
1,88F7B33d2bcf9f5,Shelby,Terrell,Male,elijah57@example.net,001-084-906-7849x73518,1/5/1990,35,Games developer,12
2,f90cD3E76f1A9b9,Phillip,Summers,Female,bethany14@example.com,214.112.6044x4913,2/14/1991,34,Phytotherapist,9
3,DbeAb8CcdfeFC2c,Kristine,Travis,Male,bthompson@example.com,277.609.7938,3/23/1992,33,Homeopath,7
4,A31Bee3c201ef58,Yesenia,Martinez,Male,kaitlinkaiser@example.com,584.094.6111,4/12/1993,32,Market researcher,4
5,1bA7A3dc874da3c,Lori,Todd,Male,buchananmanuel@example.net,689-207-3558x7233,5/30/1994,31,Veterinary surgeon,5
6,bfDD7CDEF5D865B,Erin,Day,Male,tconner@example.org,001-171-649-9856x5553,6/18/1995,30,Waste management officer,6
7,bE9EEf34cB72AF7,Katherine,Buck,Female,conniecowan@example.com,+1-773-151-6685x49162,7/7/1996,29,Intelligence analyst,1
8,2EFC6A4e77FaEaC,Ricardo,Hinton,Male,wyattbishop@example.com,001-447-699-7998x88612,8/25/1997,28,Hydrogeologist,5
9,baDcC4DeefD8dEB,Dave,Farrell,Male,nmccann@example.net,603-428-2429x27392,9/9/1998,27,Lawyer,3
10,8e4FB470FE19bF0,Isaiah,Downs,Male,virginiaterrell@example.org,+1-511-372-1544x8206,10/21/1999,26,"Engineer, site",1
11,BF0BbA03C29Bb3b,Sheila,Ross,Female,huangcathy@example.com,895.881.4746,11/11/2000,25,Advertising account executive,1
12,F738c69fB34E62E,Stacy,Newton,Male,rayleroy@example.org,710.673.3213x80335,12/1/2001,24,Warden/ranger,2
13,C03fDADdAadAdCe,Mandy,Blake,Male,jefferynoble@example.org,(992)466-1305x4947,2/17/1990,35,"Scientist, clinical (histocompatibility and immunogenetics)",11
14,b759b74BD1dE80d,Bridget,Nash,Female,mercedes44@example.com,(216)627-8359,3/28/1991,34,Social worker,10
15,1F0B7D65A00DAF9,Crystal,Farmer,Male,pmiranda@example.org,-5791,4/6/1992,33,Agricultural consultant,9
16,50Bb061cB30B461,Thomas,Knight,Female,braunpriscilla@example.net,-2005,5/19/1993,32,Sport and exercise psychologist,5
17,D6dbA5308fEC4BC,Maurice,Rangel,Male,sheenabanks@example.com,(246)187-4969,6/27/1994,31,Secretary/administrator,7
18,311D775990f066d,Frank,Meadows,Male,gbrewer@example.org,429.965.3902x4447,7/15/1995,30,Audiological scientist,4
19,7F7E1BAcb0C9AFf,Alvin,Paul,Male,gilbertdonaldson@example.com,219.436.0887x07551,8/3/1996,29,"Teacher, adult education",4
20,88473e15D5c3cD0,Jared,Mitchell,Female,jcortez@example.com,-8587,9/22/1997,28,Paediatric nurse,3
21,b31D271F8c200AB,Jacqueline,Norton,Female,carias@example.net,819.309.7679x59173,10/10/1998,27,"Scientist, marine",2
22,42F4BdA841aBadC,Colleen,Hatfield,Female,fknox@example.org,638.584.1090,11/29/1999,26,Commercial horticulturist,1
23,cBbBcA0FCA3C4Bc,Randy,Barnes,Male,huangbill@example.org,001-960-629-7164x67214,12/18/2000,25,Outdoor activities/education manager,1
24,f1f89173353aD90,Janice,Rhodes,Female,juarezdominique@example.net,001-249-314-9742x6996,1/8/2001,24,Drilling engineer,2
25,c5B09fb33e8bA0A,Alfred,Mcneil,Female,cassandramorris@example.com,(468)276-9509x53058,3/11/1990,35,Systems analyst,5
26,c9F2282C40BEC1E,Sean,Levine,Male,sallymiller@example.net,4915828504,4/24/1991,34,"Conservation officer, nature",6
27,9c1bc7EC53Fb7cE,Louis,Payne,Male,bsullivan@example.net,6232695307,5/2/1992,33,Counsellor,8
28,ddEc50e2A2e3a2B,Brittney,Vega,Female,ayalajose@example.net,945-739-8686,6/16/1993,32,Recycling officer,7
29,66F096D36Ebae11,Judy,Buckley,Male,irosales@example.net,001-654-208-1241x52830,7/28/1994,31,Art gallery manager,4
30,F0fE2faAd78F8b5,Norman,Weber,Male,mconrad@example.com,223.002.0429,8/14/1995,30,Gaffer,2
31,5d2feAfbdCAA6B5,Isaiah,Camacho,Female,jimblake@example.org,001-536-544-3367,9/5/1996,29,Food technologist,9
32,cDa5F303fCd6dEa,Jacqueline,Gallagher,Male,nsampson@example.net,(247)762-8934,10/19/1997,28,Building services engineer,6
33,8Ef7DBfcaB02b6B,Bonnie,Andrews,Female,caitlin24@example.net,+1-253-987-2776x9161,11/7/1998,27,Seismic interpreter,5
34,6Dec5b5542F8ed8,Brandon,Schmidt,Female,mconley@example.net,+1-386-673-1465x006,12/26/1999,26,"Engineer, biomedical",2
35,3Fb8a7f68e12784,Jackson,Sparks,Female,reynoldsdarryl@example.net,(137)908-3129x65035,1/13/2000,25,Set designer,1
36,035eff50B9A0F24,Melody,Cook,Male,jeannovak@example.org,(826)792-7381,2/9/2001,24,Research scientist (life sciences),2
37,aa614aAE4B7Cf0C,Leonard,Hurst,Male,clinton78@example.org,941-038-0427x38800,4/21/1990,35,"Accountant, chartered management",8
38,ACcde95AAe3e6cC,Gene,Rich,Female,luisdeleon@example.org,+1-356-818-6604x89537,5/8/1991,34,"Surveyor, quantity",10
39,b6a35de5CB6fc25,Cynthia,Wiggins,Female,rosariodave@example.org,(110)858-2437x70190,6/25/1992,33,Outdoor activities/education manager,5
40,e92A191E345fA3A,Tanya,Mckinney,Female,vickihouston@example.com,(830)774-9002x086,7/3/1993,32,Information systems manager,4
41,7D0AcBF6CCac3fd,Matthew,Stone,Female,evelyn31@example.org,952-381-6360,8/17/1994,31,"Scientist, clinical (histocompatibility and immunogenetics)",6
42,CEFA7BBCef013AE,Kirk,Walsh,Female,stephenfuller@example.org,001-826-496-5529x8661,9/29/1995,30,Accounting technician,3
43,9edBC94aE7cA22a,Willie,Vang,Female,haleymathews@example.net,741.168.6854x067,10/12/1996,29,Management consultant,2
44,fFe7BAA737aDbe2,Miguel,Hill,Female,tyrone56@example.org,5247842945,11/30/1997,28,Make,4
45,5F2f3fAca8B0946,Darren,Andrews,Male,lhernandez@example.com,(975)799-4261,12/15/1998,27,Retail banker,1
46,6bFcfc3cc1BC6B4,Haley,Pugh,Female,molly03@example.org,(746)182-6137x2453,1/4/1999,26,Commissioning editor,4
47,f3BD2cBF7eEb6df,Danielle,Estrada,Female,jvang@example.org,(890)374-9518x772,2/20/2000,25,"Accountant, chartered management",2
48,Ee4eB129dC7913A,Becky,Brady,Male,erikmueller@example.org,(390)002-0863,3/9/2001,24,Seismic interpreter,2
49,dBCEf340C3657Eb,Caitlyn,Frey,Male,rivasdominique@example.org,805-021-3965x46344,5/27/1990,35,Jewellery designer,8
50,E47FB71DD9ACCd9,Joshua,Sweeney,Male,daisymcgee@example.net,875.994.2100x535,6/13/1991,34,"Education officer, museum",6
51,eA3fDd79BE9f0E7,Heidi,Escobar,Female,staffordtravis@example.net,601-155-3065x1131,7/31/1992,33,Estate manager/land agent,8
52,aF0eE4547Bc025c,Brian,Oconnell,Female,saralong@example.net,952-283-1423x733,8/18/1993,32,Physiotherapist,7
53,9F5DeD7aD228F5a,Beverly,Esparza,Female,iphelps@example.net,+1-327-578-8754x6771,9/6/1994,31,Passenger transport manager,4
54,D3Fa0220dDE4d36,Nathaniel,Rivas,Female,roberto29@example.com,(655)887-2040x37888,10/22/1995,30,Call centre manager,2
55,60FdBFd5e7BE8fF,Debra,Payne,Female,yolanda07@example.org,001-731-525-8400x52593,11/14/1996,29,Special educational needs teacher,5
56,D8bF5Ab2b98caff,Mackenzie,Rocha,Female,abbottyvette@example.net,4225525458,12/2/1997,28,Museum/gallery exhibitions officer,3
57,CD8d33aA25bc8BB,Courtney,Watkins,Female,ochang@example.org,210.683.2761x5883,1/19/1998,27,Pension scheme manager,2
58,Fac3BfFf0A3d03c,Fred,Olsen,Female,amyanderson@example.com,497-774-3053,2/7/1999,26,Archaeologist,1
59,e552D7ddafe1FFb,Ryan,Nelson,Female,qnorman@example.org,956.330.2951,3/25/2000,25,Historic buildings inspector/conservation officer,1
60,0f8deedb629A5f6,Grace,Phelps,Male,clarkeangela@example.net,(034)867-8827x6777,4/11/2001,24,Petroleum engineer,2
61,bB9e49E506F65ed,Shari,Daugherty,Male,kalvarado@example.org,001-951-655-4798x6124,6/30/1990,35,Curator,9
62,Ed724605A403D91,Kelli,Garner,Male,jodyvincent@example.org,995.000.4213x0982,7/9/1991,34,Retail banker,8
63,0aBE5ACb18E0c10,Jackie,Bennett,Male,hutchinsonkirk@example.com,001-740-937-0846x0087,8/27/1992,33,Neurosurgeon,7
64,5D2cb63CaAF53f6,Leslie,Conway,Female,floreschristina@example.org,795.782.4384x555,9/14/1993,32,Chiropractor,6
65,Ee6974f90eeCe18,Harold,Barnett,Female,nathan65@example.org,-6682,10/5/1994,31,"Biochemist, clinical",5
66,cEf02C076afa07f,Larry,Harper,Male,maria32@example.org,+1-244-630-3792x4121,11/23/1995,30,"Scientist, water quality",4
67,9Df5Ba591bF3EFf,Mike,Ward,Female,imccullough@example.com,116-729-5046,12/10/1996,29,Hydrologist,3
68,3faB1CBfEFBDdD4,Brittney,Rubio,Female,corey92@example.com,593.976.2528,1/26/1997,28,"Biochemist, clinical",2
69,Ebcefdf75eCb0a9,Frank,Pineda,Male,daltoncalvin@example.net,(035)961-5060x9182,2/13/1998,27,Hospital pharmacist,1
70,e75e5DBfcb68887,Sandra,Wu,Male,ubanks@example.com,+1-096-606-6454x067,3/8/1999,26,Warehouse manager,1
71,6a53a8D41dDF6de,Ryan,Benton,Male,lopezdebbie@example.org,+1-695-557-9948x485,4/29/2000,25,Physiological scientist,1
72,F0d3bD1aaf9E3Bc,Tamara,Hull,Male,meagan39@example.net,017.665.3744x7944,5/17/2001,24,English as a second language teacher,1
73,5bC87340799FBD0,Jean,Ritter,Female,kristina76@example.com,(954)060-1066,7/16/1990,35,Financial trader,9
74,dBfA17Aaf16b4ab,Veronica,Briggs,Female,weissbridget@example.com,+1-521-589-2387x48490,8/1/1991,34,Structural engineer,8
75,c935b7Eb6FA0B0F,Kim,Andrews,Female,wpetersen@example.org,7677125383,9/20/1992,33,"Biochemist, clinical",7
76,b3e15e65Ca2CcBf,Tina,Cunningham,Male,wongmary@example.org,079-907-5051,10/7/1993,32,Race relations officer,6
77,dade3452F0c32FD,Jonathon,Atkinson,Male,gailfrench@example.net,874-037-2032x932,11/25/1994,31,"Psychologist, forensic",5
78,AdEd6cfD85DeC46,Jermaine,Reid,Female,vpaul@example.com,(742)214-8691,12/19/1995,30,Newspaper journalist,4
79,DAf111987098ae4,Regina,Stevens,Male,xpoole@example.net,891-359-2684,1/6/1996,29,Public house manager,3
80,6e6a5b885F6496d,Terrence,Huff,Male,cassandra80@example.org,221.800.6408x5416,2/24/1997,28,Careers information officer,2
81,12DCb4ED8E01D5C,Tyler,Foley,Female,johnathan72@example.org,001-386-469-3075x8030,3/30/1998,27,Economist,1
82,E1cB5cA8CA7CC0a,Andrew,Waters,Male,nhall@example.net,+1-376-865-2765x3351,4/18/1999,26,Jewellery designer,1
83,AedDfaE8Cf49F07,Reginald,Stephenson,Male,erikaball@example.net,+1-832-500-6044x475,5/2/2000,25,Contracting civil engineer,1
84,bff9853aFAeF772,Douglas,Reese,Female,nixonvanessa@example.net,001-834-660-8312x9864,6/21/2001,24,Higher education lecturer,1
85,E883773cA5219Be,Helen,Williamson,Female,melvin08@example.net,001-377-726-4229,8/12/1990,35,"Lecturer, further education",9
86,CB19EafEbBfF9eC,Mario,Vaughn,Male,oblake@example.com,160-144-5039x12276,9/3/1991,34,Research scientist (life sciences),8
87,5834700fbEd2771,Chelsea,Dickson,Male,johnnyhendricks@example.net,001-698-651-0138x18588,10/28/1992,33,"Teacher, early years/pre",7
88,2b0Ab1Dc9E01D7E,Dustin,Bailey,Male,pbarron@example.net,+1-965-621-1157x345,11/11/1993,32,Travel agency manager,6
89,3f3a3D89ad042Dd,Harry,Medina,Female,olsenmalik@example.net,-6354,12/8/1994,31,Technical sales engineer,5
90,9425E2F38C408ef,Kathy,Haney,Female,teresa37@example.com,(164)105-8456,1/22/1995,30,Charity fundraiser,4
91,F0aeC9c2759F3C6,Alison,Nixon,Female,zmiles@example.net,3506680871,2/15/1996,29,Patent attorney,3
92,d6EA619A7C4aA95,Jamie,Hardy,Female,sheenadouglas@example.com,(900)803-9295x11533,3/5/1997,28,"Conservator, furniture",2
93,2A33E7Cad1bb0F5,Melody,Cox,Female,evan90@example.org,(626)520-5080x3511,4/26/1998,27,Dance movement psychotherapist,1
94,d181FFB7d3E68bb,Xavier,Cole,Male,nicolas90@example.org,8164259975,5/13/1999,26,Financial planner,1
95,feaBf8dAE0C0d6F,Dillon,Guzman,Female,angelanavarro@example.net,971-992-4521,6/7/2000,25,Air broker,1
96,5eFda7caAeB260E,Dennis,Barnes,Female,bmartin@example.org,001-095-524-2112x257,7/29/2001,24,Software engineer,1
97,CCbFce93d3720bE,Steve,Patterson,Female,latasha46@example.net,001-865-478-5157,6/7/2000,25,Barrister,5
98,2fEc528aFAF0b69,Wesley,Bray,Male,regina11@example.org,995-542-3004x76800,8/12/1990,35,Police officer,15
99,Adc7ad9B6e4A1Fe,Summer,Oconnell,Female,alexiscantrell@example.org,001-273-685-6932x092,10/5/1994,31,Broadcast journalist,11
100,b8D0aD3490FC7e1,Mariah,Bernard,Male,pcopeland@example.org,(341)594-6554x44657,2/9/2001,24,IT sales professional,1
